<?xml version="1.0" encoding="UTF-8"?>
<project-private xmlns="http://www.netbeans.org/ns/project-private/1">
    <editor-bookmarks xmlns="http://www.netbeans.org/ns/editor-bookmarks/2" lastBookmarkId="0"/>
    <open-files xmlns="http://www.netbeans.org/ns/projectui-open-files/2">
        <group>
            <file>file:/C:/Users/Songoku/Documents/NetBeansProjects/Lab1Example/src/lab1example/Circle.java</file>
            <file>file:/C:/Users/Songoku/Documents/NetBeansProjects/Lab1Example/src/lab1example/Shape.java</file>
            <file>file:/C:/Users/Songoku/Documents/NetBeansProjects/Lab1Example/src/lab1example/Lab1.java</file>
            <file>file:/C:/Users/Songoku/Documents/NetBeansProjects/Lab1Example/src/lab1example/Rectangle.java</file>
            <file>file:/C:/Users/Songoku/Documents/NetBeansProjects/Lab1Example/src/lab1example/IMaxDistanceCalculations.java</file>
            <file>file:/C:/Users/Songoku/Documents/NetBeansProjects/Lab1Example/src/lab1example/Square.java</file>
            <file>file:/C:/Users/Songoku/Documents/NetBeansProjects/Lab1Example/src/lab1example/Dot.java</file>
            <file>file:/C:/Users/Songoku/Documents/NetBeansProjects/Lab1Example/src/lab1example/ITwoDimCalculations.java</file>
            <file>file:/C:/Users/Songoku/Documents/NetBeansProjects/Lab1Example/src/lab1example/TwoDimShape.java</file>
        </group>
    </open-files>
</project-private>
